sample,group,control,target,fq1,fq2
WT_rep1,WT,,WT,01.RawData/WT_rep1/WT_rep1_1.fq.gz,01.RawData/WT_rep1/WT_rep1_2.fq.gz
WT_rep2,WT,,WT,01.RawData/WT_rep2/WT_rep2_1.fq.gz,01.RawData/WT_rep2/WT_rep2_2.fq.gz
WT_rep3,WT,,WT,01.RawData/WT_rep3/WT_rep3_1.fq.gz,01.RawData/WT_rep3/WT_rep3_2.fq.gz
KO_rep1,KO,,KO,01.RawData/KO_rep1/KO_rep1_1.fq.gz,01.RawData/KO_rep1/KO_rep1_2.fq.gz
KO_rep2,KO,,KO,01.RawData/KO_rep2/KO_rep2_1.fq.gz,01.RawData/KO_rep2/KO_rep2_2.fq.gz
KO_rep3,KO,,KO,01.RawData/KO_rep3/KO_rep3_1.fq.gz,01.RawData/KO_rep3/KO_rep3_2.fq.gz
Treat_rep1,Treat,WT,Treat,01.RawData/Treat_rep1/Treat_rep1_1.fq.gz,01.RawData/Treat_rep1/Treat_rep1_2.fq.gz
Treat_rep2,Treat,WT,Treat,01.RawData/Treat_rep2/Treat_rep2_1.fq.gz,01.RawData/Treat_rep2/Treat_rep2_2.fq.gz
Treat_rep3,Treat,WT,Treat,01.RawData/Treat_rep3/Treat_rep3_1.fq.gz,01.RawData/Treat_rep3/Treat_rep3_2.fq.gz
